{"cameraMode":{"drawMode":0,"name":"Shaded","section":"Shading Mode"},"sceneLighting":true,"audioPlay":false,"sceneViewState":{"m_AlwaysRefresh":false,"showFog":true,"showSkybox":true,"showFlares":true,"showImageEffects":true,"showParticleSystems":true,"showVisualEffectGraphs":true,"m_FxEnabled":true},"in2DMode":false,"pivot":{"x":486.1499938964844,"y":567.8933715820313,"z":-133.83494567871095},"rotation":{"x":-0.06622974574565888,"y":-0.03082997165620327,"z":0.002046916401013732,"w":-0.997328519821167},"size":0.8660253882408142,"orthographic":false}